<?xml version="1.0" encoding="utf-8"?>
<Module version="1">
    <Name>OvenDemo_EmbeddedComputeModuleUserDefinedModule</Name>
    <Company></Company>
    <Version>0.0.0</Version>
    <MinUpgradableVersion>0.0.0</MinUpgradableVersion>
    <Binding name="Net" />

    <Namespaces/>

    <Dependencies>
        <Core version="0.0.0" />
        <Binding version="0.0.0" />
        <Module name="FTOptix.HMIProject.Net" version="0.0.0" />
    </Dependencies>

    <Nodes/>

    <TypeMappings>
        <TypeMapping>
            <TargetType>
                <NodeId namespaceUri="OvenDemo_EmbeddedComputeModule" guid="81f873c2df7d55065426b9107a80596d" />
            </TargetType>
        </TypeMapping>
        <TypeMapping>
            <TargetType>
                <NodeId namespaceUri="OvenDemo_EmbeddedComputeModule" guid="b247cebf619a6438c19940eeb806f899" />
            </TargetType>
        </TypeMapping>
        <TypeMapping>
            <TargetType>
                <NodeId namespaceUri="OvenDemo_EmbeddedComputeModule" guid="d61a6bb0da58d2f94820c04b18e7e801" />
            </TargetType>
        </TypeMapping>
        <TypeMapping>
            <TargetType>
                <NodeId namespaceUri="OvenDemo_EmbeddedComputeModule" guid="4fb7f81b6dd60556c0470e584dbd90f7" />
            </TargetType>
        </TypeMapping>
        <TypeMapping>
            <TargetType>
                <NodeId namespaceUri="OvenDemo_EmbeddedComputeModule" guid="dbaca6e4b7cb6e4b797569c1ff8b8012" />
            </TargetType>
        </TypeMapping>
        <TypeMapping>
            <TargetType>
                <NodeId namespaceUri="OvenDemo_EmbeddedComputeModule" guid="3fa35f7bdabe3c91aa0123039eb12153" />
            </TargetType>
        </TypeMapping>
        <TypeMapping>
            <TargetType>
                <NodeId namespaceUri="OvenDemo_EmbeddedComputeModule" guid="78704b78222ebe881a0e3108a1112211" />
            </TargetType>
        </TypeMapping>
        <TypeMapping>
            <TargetType>
                <NodeId namespaceUri="OvenDemo_EmbeddedComputeModule" guid="3ecc89fdf8d4b26e5b5794659865e065" />
            </TargetType>
        </TypeMapping>
        <TypeMapping>
            <TargetType>
                <NodeId namespaceUri="OvenDemo_EmbeddedComputeModule" guid="f6596ab428a62b650eee16ccfd887090" />
            </TargetType>
        </TypeMapping>
        <TypeMapping>
            <TargetType>
                <NodeId namespaceUri="OvenDemo_EmbeddedComputeModule" guid="1bc303e65dfecec71c9ff005ae61a312" />
            </TargetType>
        </TypeMapping>
        <TypeMapping>
            <TargetType>
                <NodeId namespaceUri="OvenDemo_EmbeddedComputeModule" guid="96ba3c9faea7d1a6f61c596b208b06fd" />
            </TargetType>
        </TypeMapping>
        <TypeMapping>
            <TargetType>
                <NodeId namespaceUri="OvenDemo_EmbeddedComputeModule" guid="e9acad2f27612c7fa5b0859b6535933b" />
            </TargetType>
        </TypeMapping>
        <TypeMapping>
            <TargetType>
                <NodeId namespaceUri="OvenDemo_EmbeddedComputeModule" guid="37de321274886ab9e562997a9966ca18" />
            </TargetType>
        </TypeMapping>
        <TypeMapping>
            <TargetType>
                <NodeId namespaceUri="OvenDemo_EmbeddedComputeModule" guid="4635f89fd25982d930145d5d90b2d433" />
            </TargetType>
        </TypeMapping>
        <TypeMapping>
            <TargetType>
                <NodeId namespaceUri="OvenDemo_EmbeddedComputeModule" guid="0bc7f946e67b6a84953be1acef444d73" />
            </TargetType>
        </TypeMapping>
        <TypeMapping>
            <TargetType>
                <NodeId namespaceUri="OvenDemo_EmbeddedComputeModule" guid="84685b52c936c7eef16f6b6feb669e6e" />
            </TargetType>
        </TypeMapping>
        <TypeMapping>
            <TargetType>
                <NodeId namespaceUri="OvenDemo_EmbeddedComputeModule" guid="02c78620a9033208b8f9dc67c066ec8e" />
            </TargetType>
        </TypeMapping>
        <TypeMapping>
            <TargetType>
                <NodeId namespaceUri="OvenDemo_EmbeddedComputeModule" guid="0a624fb30ab0529af358b18c5dc98ebd" />
            </TargetType>
        </TypeMapping>
        <TypeMapping>
            <TargetType>
                <NodeId namespaceUri="OvenDemo_EmbeddedComputeModule" guid="84d5654663b4c4841535cc8dd58e04d2" />
            </TargetType>
        </TypeMapping>
        <TypeMapping>
            <TargetType>
                <NodeId namespaceUri="OvenDemo_EmbeddedComputeModule" guid="7fad017c7ed15bd1bcd3c98f1a5f394d" />
            </TargetType>
        </TypeMapping>
        <TypeMapping>
            <TargetType>
                <NodeId namespaceUri="OvenDemo_EmbeddedComputeModule" guid="f4ebd05ff2ef41dec128307aa03f42aa" />
            </TargetType>
        </TypeMapping>
        <TypeMapping>
            <TargetType>
                <NodeId namespaceUri="OvenDemo_EmbeddedComputeModule" guid="a6376e94e978edfa6f46a2c2aeb40636" />
            </TargetType>
        </TypeMapping>
        <TypeMapping>
            <TargetType>
                <NodeId namespaceUri="OvenDemo_EmbeddedComputeModule" guid="e3fbcc66e4c7eb11179714e5cfffc2bb" />
            </TargetType>
        </TypeMapping>
        <TypeMapping>
            <TargetType>
                <NodeId namespaceUri="OvenDemo_EmbeddedComputeModule" guid="6e0214ef3b61059055d3dbe2889ea789" />
            </TargetType>
        </TypeMapping>
        <TypeMapping>
            <TargetType>
                <NodeId namespaceUri="OvenDemo_EmbeddedComputeModule" guid="6794a4497d791d97fbf2259fae3f6295" />
            </TargetType>
        </TypeMapping>
        <TypeMapping>
            <TargetType>
                <NodeId namespaceUri="OvenDemo_EmbeddedComputeModule" guid="ac5e327390a8040ddc82db80e47fdba6" />
            </TargetType>
        </TypeMapping>
        <TypeMapping>
            <TargetType>
                <NodeId namespaceUri="OvenDemo_EmbeddedComputeModule" guid="31284327d16bdc3911602fcd74dafc3f" />
            </TargetType>
        </TypeMapping>
        <TypeMapping>
            <TargetType>
                <NodeId namespaceUri="OvenDemo_EmbeddedComputeModule" guid="5d200fe446986c2e64db3353bc97331f" />
            </TargetType>
        </TypeMapping>
        <TypeMapping>
            <TargetType>
                <NodeId namespaceUri="OvenDemo_EmbeddedComputeModule" guid="4f3c0f044d478e1c15e8d9d85939f613" />
            </TargetType>
        </TypeMapping>
    </TypeMappings>
</Module>
